codigo_provincia,provincia,codigo_municipio,municipio,poblacion_2023,candidatura,siglas,votos,concejales
41,Sevilla,41001,Aguadulce,2046,CON ANDALUCIA CON AGUADULCE,CON ANDALUCÍA,397,4
41,Sevilla,41001,Aguadulce,2046,PARTIDO POPULAR,PP,141,1
41,Sevilla,41001,Aguadulce,2046,PARTIDO SOCIALISTA OBRERO ESPAÑOL,PSOE,555,6
41,Sevilla,41002,Alanís,1675,PARTIDO POPULAR,PP,478,4
41,Sevilla,41002,Alanís,1675,PARTIDO SOCIALISTA OBRERO ESPAÑOL DE ANDALUCÍA,PSOE-A,288,3
41,Sevilla,41002,Alanís,1675,SIEMPRE ALANIS,SA,201,2
41,Sevilla,41003,Albaida del Aljarafe,3254,CON ANDALUCIA: IZQUIERDA UNIDA-PODEMOS ALBAIDA,CON ANDALUCÍA,105,0
41,Sevilla,41003,Albaida del Aljarafe,3254,PARTIDO POPULAR,PP,847,5
41,Sevilla,41003,Albaida del Aljarafe,3254,PARTIDO SOCIALISTA OBRERO ESPAÑOL DE ANDALUCÍA,PSOE-A,942,6
41,Sevilla,41003,Albaida del Aljarafe,3254,VOX,VOX,23,0
41,Sevilla,41006,Alcolea del Río,3307,PARTIDO POPULAR,PP,35,0
41,Sevilla,41006,Alcolea del Río,3307,PARTIDO SOCIALISTA OBRERO ESPAÑOL DE ANDALUCÍA,PSOE-A,893,5
41,Sevilla,41006,Alcolea del Río,3307,PLATAFORMA INDEPENDIENTE DE ALCOLEA,PIDA,1019,6
41,Sevilla,41008,Algámitas,1251,PARTIDO POPULAR,PP,97,1
41,Sevilla,41008,Algámitas,1251,PARTIDO SOCIALISTA OBRERO ESPAÑOL,PSOE,377,4
41,Sevilla,41008,Algámitas,1251,UNIDOS POR ALGÁMITAS,UXA,421,4
41,Sevilla,41009,Almadén de la Plata,1324,MELOJER@S POR ALMADEN,MPA,115,1
41,Sevilla,41009,Almadén de la Plata,1324,PARTIDO POPULAR,PP,543,5
41,Sevilla,41009,Almadén de la Plata,1324,PARTIDO SOCIALISTA OBRERO ESPAÑOL DE ANDALUCÍA,PSOE-A,272,3
41,Sevilla,41010,Almensilla,6537,CAMBIEMOS AHORA,CMOS,205,1
41,Sevilla,41010,Almensilla,6537,CON ANDALUCIA IZQUIERDA UNIDA ALMENSILLA,CON ANDALUCÍA,370,2
41,Sevilla,41010,Almensilla,6537,PARTIDO INDEPENDIENTE ALMENSILLA AVANCEMOS,PIAV,128,0
41,Sevilla,41010,Almensilla,6537,PARTIDO POPULAR,PP,504,2
41,Sevilla,41010,Almensilla,6537,PARTIDO SOCIALISTA OBRERO ESPAÑOL DE ANDALUCÍA,PSOE-A,903,4
41,Sevilla,41010,Almensilla,6537,POR ALMENSILLA,POR ALMENSILLA,820,4
41,Sevilla,41010,Almensilla,6537,VOX,VOX,173,0
41,Sevilla,41012,Aznalcázar,4820,PARTIDO POPULAR,PP,644,4
41,Sevilla,41012,Aznalcázar,4820,PARTIDO SOCIALISTA OBRERO ESPAÑOL DE ANDALUCÍA,PSOE-A,1135,7
41,Sevilla,41012,Aznalcázar,4820,VOX,VOX,104,0
41,Sevilla,41013,Aznalcóllar,6057,CON ANDALUCIA IZQUIERDA UNIDA AZNALCOLLAR,CON ANDALUCÍA,2465,9
41,Sevilla,41013,Aznalcóllar,6057,PARTIDO POPULAR,PP,47,0
41,Sevilla,41013,Aznalcóllar,6057,PARTIDO SOCIALISTA OBRERO ESPAÑOL DE ANDALUCÍA,PSOE-A,1113,4
41,Sevilla,41013,Aznalcóllar,6057,VOX,VOX,8,0
41,Sevilla,41014,Badolatosa,3089,CON ANDALUCIA IZQUIERDA UNIDA BADOLATOSA Y CORCOYA,CON ANDALUCÍA,1031,5
41,Sevilla,41014,Badolatosa,3089,PARTIDO POPULAR,PP,47,0
41,Sevilla,41014,Badolatosa,3089,PARTIDO SOCIALISTA OBRERO ESPAÑOL,PSOE,1052,6
41,Sevilla,41015,Benacazón,7324,BENACAZÓN NOS UNE,BENACAZÓN NOS UNE,669,3
41,Sevilla,41015,Benacazón,7324,CON ANDALUCIA:PODEMOS-IZQUIERDA UNIDA,CON ANDALUCÍA,73,0
41,Sevilla,41015,Benacazón,7324,PARTIDO POPULAR,PP,1075,5
41,Sevilla,41015,Benacazón,7324,PARTIDO SOCIALISTA OBRERO ESPAÑOL DE ANDALUCÍA,PSOE-A,1074,4
41,Sevilla,41015,Benacazón,7324,VOX,VOX,252,1
41,Sevilla,41019,Burguillos,7098,CIUDADANOS-PARTIDO DE LA CIUDADANIA,CS,143,0
41,Sevilla,41019,Burguillos,7098,PARTIDO POPULAR,PP,2247,10
41,Sevilla,41019,Burguillos,7098,PARTIDO SOCIALISTA OBRERO ESPAÑOL DE ANDALUCÍA,PSOE-A,765,3
41,Sevilla,41019,Burguillos,7098,VOX,VOX,113,0
41,Sevilla,41022,"Campana, La",5137,CON ANDALUCIA IZQUIERDA UNIDA LA CAMPANA,CON ANDALUCÍA,278,1
41,Sevilla,41022,"Campana, La",5137,JUNTOS POR LA CAMPANA,JUNTOS X LA CAMPANA,2015,10
41,Sevilla,41022,"Campana, La",5137,PARTIDO POPULAR,PP,77,0
41,Sevilla,41022,"Campana, La",5137,PARTIDO SOCIALISTA OBRERO ESPAÑOL DE ANDALUCÍA,PSOE-A,598,2
41,Sevilla,41025,Carrión de los Céspedes,2597,CON ANDALUCIA CON CARRION DE LOS CESPEDES,CON ANDALUCÍA,67,0
41,Sevilla,41025,Carrión de los Céspedes,2597,PARTIDO POPULAR,PP,436,4
41,Sevilla,41025,Carrión de los Céspedes,2597,PARTIDO SOCIALISTA OBRERO ESPAÑOL DE ANDALUCÍA,PSOE-A,642,7
41,Sevilla,41025,Carrión de los Céspedes,2597,VOX,VOX,45,0
41,Sevilla,41026,Casariche,5305,CON ANDALUCIA IZQUIERDA UNIDA CASARICHE,CON ANDALUCÍA,2539,10
41,Sevilla,41026,Casariche,5305,PARTIDO POPULAR,PP,83,0
41,Sevilla,41026,Casariche,5305,PARTIDO SOCIALISTA OBRERO ESPAÑOL,PSOE,847,3
41,Sevilla,41027,Castilblanco de los Arroyos,5107,CON ANDALUCIA IZQUIERDA UNIDA CON CASTILBLANCO DE LOS ARROYOS,CON ANDALUCÍA,507,2
41,Sevilla,41027,Castilblanco de los Arroyos,5107,PARTIDO POPULAR,PP,173,0
41,Sevilla,41027,Castilblanco de los Arroyos,5107,PARTIDO SOCIALISTA OBRERO ESPAÑOL DE ANDALUCÍA,PSOE-A,2072,11
41,Sevilla,41027,Castilblanco de los Arroyos,5107,VOX,VOX,72,0
41,Sevilla,41028,Castilleja de Guzmán,2874,CON ANDALUCIA: MAS PAIS ANDALUCIA-IZQUIERDA UNIDA-PODEMOS,CON ANDALUCÍA,199,1
41,Sevilla,41028,Castilleja de Guzmán,2874,PARTIDO POPULAR,PP,397,3
41,Sevilla,41028,Castilleja de Guzmán,2874,PARTIDO SOCIALISTA OBRERO ESPAÑOL DE ANDALUCÍA,PSOE-A,790,6
41,Sevilla,41028,Castilleja de Guzmán,2874,VOX,VOX,124,1
41,Sevilla,41030,Castilleja del Campo,622,PARTIDO POPULAR,PP,42,1
41,Sevilla,41030,Castilleja del Campo,622,PARTIDO SOCIALISTA OBRERO ESPAÑOL DE ANDALUCÍA,PSOE-A,280,6
41,Sevilla,41031,"Castillo de las Guardas, El",1500,PARTIDO POPULAR,PP,154,1
41,Sevilla,41031,"Castillo de las Guardas, El",1500,PARTIDO SOCIALISTA OBRERO ESPAÑOL DE ANDALUCÍA,PSOE-A,688,8
41,Sevilla,41032,Cazalla de la Sierra,4660,PARTIDO POPULAR,PP,1407,6
41,Sevilla,41032,Cazalla de la Sierra,4660,PARTIDO SOCIALISTA OBRERO ESPAÑOL DE ANDALUCÍA,PSOE-A,1281,5
41,Sevilla,41032,Cazalla de la Sierra,4660,VOX,VOX,92,0
41,Sevilla,41901,Cañada Rosal,3391,PARTIDO POPULAR,PP,356,2
41,Sevilla,41901,Cañada Rosal,3391,PARTIDO SOCIALISTA OBRERO ESPAÑOL DE ANDALUCÍA,PSOE-A,1484,9
41,Sevilla,41033,Constantina,5742,CIUDADANOS POR CONSTANTINA,CCXC,594,2
41,Sevilla,41033,Constantina,5742,PARTIDO POPULAR,PP,1746,7
41,Sevilla,41033,Constantina,5742,PARTIDO SOCIALISTA OBRERO ESPAÑOL DE ANDALUCÍA,PSOE-A,1011,4
41,Sevilla,41035,Coripe,1215,PARTIDO POPULAR,PP,503,5
41,Sevilla,41035,Coripe,1215,PARTIDO SOCIALISTA OBRERO ESPAÑOL DE ANDALUCÍA,PSOE-A,340,4
41,Sevilla,41036,"Coronil, El",4690,CON ANDALUCIA PODEMOS EL CORONIL,CON ANDALUCÍA,1047,4
41,Sevilla,41036,"Coronil, El",4690,PARTIDO POPULAR,PP,270,1
41,Sevilla,41036,"Coronil, El",4690,PARTIDO SOCIALISTA OBRERO ESPAÑOL DE ANDALUCÍA,PSOE-A,1325,6
41,Sevilla,41037,"Corrales, Los",3996,CON ANDALUCIA CON NUESTRO PUEBLO,CON ANDALUCÍA,1028,5
41,Sevilla,41037,"Corrales, Los",3996,PARTIDO POPULAR,PP,109,0
41,Sevilla,41037,"Corrales, Los",3996,PARTIDO SOCIALISTA OBRERO ESPAÑOL,PSOE,1182,6
41,Sevilla,41903,"Cuervo de Sevilla, El",8635,CON ANDALUCIA IZQUIERDA UNIDA EL CUERVO DE SEVILLA,CON ANDALUCÍA,428,1
41,Sevilla,41903,"Cuervo de Sevilla, El",8635,EL CUERVO POR SU GENTE,CPSG,438,1
41,Sevilla,41903,"Cuervo de Sevilla, El",8635,PARTIDO POPULAR,PP,2335,7
41,Sevilla,41903,"Cuervo de Sevilla, El",8635,PARTIDO SOCIALISTA OBRERO ESPAÑOL DE ANDALUCÍA,PSOE-A,1471,4
41,Sevilla,41903,"Cuervo de Sevilla, El",8635,VOX,VOX,49,0
41,Sevilla,41042,Fuentes de Andalucía,7217,CON ANDALUCIA CON NUEVA IZQUIERDA VERDES FUENTES DE ANDALUCIA,CON ANDALUCIA,2380,7
41,Sevilla,41042,Fuentes de Andalucía,7217,PARTIDO POPULAR,PP,279,0
41,Sevilla,41042,Fuentes de Andalucía,7217,PARTIDO SOCIALISTA OBRERO ESPAÑOL DE ANDALUCÍA,PSOE-A,1792,6
41,Sevilla,41043,"Garrobo, El",825,CON ANDALUCIA IZQUIERDA UNIDA EL GARROBO,CON ANDALUCÍA,283,4
41,Sevilla,41043,"Garrobo, El",825,PARTIDO POPULAR,PP,22,0
41,Sevilla,41043,"Garrobo, El",825,PARTIDO SOCIALISTA OBRERO ESPAÑOL DE ANDALUCÍA,PSOE-A,188,3
41,Sevilla,41045,Gerena,7833,CON ANDALUCIA IZQUIERDA UNIDA GERENA,CON ANDALUCÍA,1049,4
41,Sevilla,41045,Gerena,7833,GERENA PARTICIPA,GERENA PARTICIPA,134,0
41,Sevilla,41045,Gerena,7833,PARTIDO POPULAR,PP,424,1
41,Sevilla,41045,Gerena,7833,PARTIDO SOCIALISTA OBRERO ESPAÑOL DE ANDALUCÍA,PSOE-A,1909,8
41,Sevilla,41045,Gerena,7833,VOX,VOX,230,0
41,Sevilla,41046,Gilena,3686,"CON ANDALUCIA, CON GILENA",CON ANDALUCÍA,725,3
41,Sevilla,41046,Gilena,3686,PARTIDO POPULAR,PP,59,0
41,Sevilla,41046,Gilena,3686,PARTIDO SOCIALISTA OBRERO ESPAÑOL,PSOE,1574,8
41,Sevilla,41048,Guadalcanal,2545,AMI POR GUADALCANAL,XG,427,3
41,Sevilla,41048,Guadalcanal,2545,PARTIDO POPULAR,PP,580,4
41,Sevilla,41048,Guadalcanal,2545,PARTIDO SOCIALISTA OBRERO ESPAÑOL DE ANDALUCÍA,PSOE-A,505,4
41,Sevilla,41050,Herrera,6544,ADELANTE ANDALUCÍA,ADELANTE ANDALUCÍA,12,0
41,Sevilla,41050,Herrera,6544,ANDALUCÍA POR SI- UNIÓN ANDALUCISTA,UA,619,2
41,Sevilla,41050,Herrera,6544,CON ANDALUCIA:IZQUIERDA UNIDA- INICIATIVA DEL PUEBLO ANDALUZ HERRERA,CON ANDALUCÍA,89,0
41,Sevilla,41050,Herrera,6544,PARTIDO POPULAR,PP,2228,7
41,Sevilla,41050,Herrera,6544,PARTIDO SOCIALISTA OBRERO ESPAÑOL,PSOE,1121,4
41,Sevilla,41051,Huévar del Aljarafe,3289,ADELANTE ANDALUCÍA,ADELANTE ANDALUCÍA,91,0
41,Sevilla,41051,Huévar del Aljarafe,3289,CIUDADANOS-PARTIDO DE LA CIUDADANIA,CS,180,1
41,Sevilla,41051,Huévar del Aljarafe,3289,CON ANDALUCIA IZQUIERDA UNIDA HUEVAR,CON ANDALUCÍA,46,0
41,Sevilla,41051,Huévar del Aljarafe,3289,PARTIDO POPULAR,PP,875,6
41,Sevilla,41051,Huévar del Aljarafe,3289,PARTIDO SOCIALISTA OBRERO ESPAÑOL DE ANDALUCÍA,PSOE-A,663,4
41,Sevilla,41051,Huévar del Aljarafe,3289,VOX,VOX,21,0
41,Sevilla,41902,Isla Mayor,5741,"CON ANDALUCIA, CON ISLA MAYOR",CON ANDALUCÍA,466,3
41,Sevilla,41902,Isla Mayor,5741,PARTIDO POPULAR,PP,101,0
41,Sevilla,41902,Isla Mayor,5741,PARTIDO SOCIALISTA OBRERO ESPAÑOL DE ANDALUCÍA,PSOE-A,1682,10
41,Sevilla,41902,Isla Mayor,5741,VOX,VOX,74,0
41,Sevilla,41052,Lantejuela,3851,ADELANTE ANDALUCÍA,ADELANTE ANDALUCÍA,62,0
41,Sevilla,41052,Lantejuela,3851,CIUDADANOS-PARTIDO DE LA CIUDADANIA,CS,356,1
41,Sevilla,41052,Lantejuela,3851,CON ANDALUCIA IZQUIERDA UNIDA LANTEJUELA,CON ANDALUCÍA,601,3
41,Sevilla,41052,Lantejuela,3851,PARTIDO POPULAR,PP,52,0
41,Sevilla,41052,Lantejuela,3851,PARTIDO SOCIALISTA OBRERO ESPAÑOL,PSOE,1267,7
41,Sevilla,41054,Lora de Estepa,888,PARTIDO POPULAR,PP,125,1
41,Sevilla,41054,Lora de Estepa,888,PARTIDO SOCIALISTA OBRERO ESPAÑOL,PSOE,443,6
41,Sevilla,41056,"Luisiana, La",4608,CON ANDALUCIA IZQUIERDA UNIDA LA LUISIANA Y EL CAMPILLO,CON ANDALUCIA,836,3
41,Sevilla,41056,"Luisiana, La",4608,PARTIDO POPULAR,PP,215,1
41,Sevilla,41056,"Luisiana, La",4608,PARTIDO SOCIALISTA OBRERO ESPAÑOL DE ANDALUCÍA,PSOE-A,642,2
41,Sevilla,41056,"Luisiana, La",4608,UNIÓN LOCAL,ULLYC,1192,5
41,Sevilla,41057,"Madroño, El",297,PARTIDO POPULAR,PP,62,2
41,Sevilla,41057,"Madroño, El",297,PARTIDO SOCIALISTA OBRERO ESPAÑOL DE ANDALUCÍA,PSOE-A,137,5
41,Sevilla,41061,Marinaleda,2577,AVANZA MARINALEDA-MATARREDONDA,AMA,795,5
41,Sevilla,41061,Marinaleda,2577,CON ANDALUCIA:PODEMOS-IZQUIERDA UNIDA,CON ANDALUCÍA,1071,6
41,Sevilla,41061,Marinaleda,2577,PARTIDO POPULAR,PP,7,0
41,Sevilla,41061,Marinaleda,2577,PARTIDO SOCIALISTA OBRERO ESPAÑOL,PSOE,6,0
41,Sevilla,41061,Marinaleda,2577,VOX,VOX,5,0
41,Sevilla,41062,Martín de la Jara,2642,"CON ANDALUCIA, CON LA JARA",CON ANDALUCÍA,706,5
41,Sevilla,41062,Martín de la Jara,2642,PARTIDO POPULAR,PP,114,0
41,Sevilla,41062,Martín de la Jara,2642,PARTIDO SOCIALISTA OBRERO ESPAÑOL,PSOE,801,6
41,Sevilla,41063,"Molares, Los",3559,PARTIDO POPULAR,PP,1357,7
41,Sevilla,41063,"Molares, Los",3559,PARTIDO SOCIALISTA OBRERO ESPAÑOL DE ANDALUCÍA,PSOE-A,760,4
41,Sevilla,41063,"Molares, Los",3559,VOX,VOX,27,0
41,Sevilla,41064,Montellano,7003,FORO MONTELLANO-UNIÓN ANDALUCISTA UA,UA,786,3
41,Sevilla,41064,Montellano,7003,PARTIDO POPULAR,PP,730,3
41,Sevilla,41064,Montellano,7003,PARTIDO SOCIALISTA OBRERO ESPAÑOL DE ANDALUCÍA,PSOE-A,1306,5
41,Sevilla,41064,Montellano,7003,VECINOS POR MONTELLANO,VEPM,660,2
41,Sevilla,41066,"Navas de la Concepción, Las",1523,ADELANTE ANDALUCÍA,ADELANTE ANDALUCÍA,16,0
41,Sevilla,41066,"Navas de la Concepción, Las",1523,CON ANDALUCIA PODEMOS LAS NAVAS DE LA CONCEPCION,CON ANDALUCÍA,201,2
41,Sevilla,41066,"Navas de la Concepción, Las",1523,PARTIDO POPULAR,PP,38,0
41,Sevilla,41066,"Navas de la Concepción, Las",1523,PARTIDO SOCIALISTA OBRERO ESPAÑOL DE ANDALUCÍA,PSOE-A,691,7
41,Sevilla,41067,Olivares,9427,CON ANDALUCIA: IZQUIERDA UNIDA-PODEMOS-MAS PAIS ANDALUCIA,CON ANDALUCÍA,354,1
41,Sevilla,41067,Olivares,9427,PARTIDO POPULAR,PP,1436,5
41,Sevilla,41067,Olivares,9427,PARTIDO SOCIALISTA OBRERO ESPAÑOL DE ANDALUCÍA,PSOE-A,2264,7
41,Sevilla,41067,Olivares,9427,VOX,VOX,266,0
41,Sevilla,41904,"Palmar de Troya, El",2325,PARTIDO POPULAR,PP,292,2
41,Sevilla,41904,"Palmar de Troya, El",2325,PARTIDO SOCIALISTA OBRERO ESPAÑOL DE ANDALUCÍA,PSOE-A,878,9
41,Sevilla,41904,"Palmar de Troya, El",2325,VOX,VOX,4,0
41,Sevilla,41904,"Palmar de Troya, El",2325,¡PARTICIPA! EL PALMAR DE TROYA - GRUPO INDEPENDIENTE INICIATIVA CIUDADANA PALMAREÑA,CS-GIP-ICPAL,82,0
41,Sevilla,41070,Palomares del Río,9161,CON ANDALUCIA: IZQUIERDA UNIDA-PODEMOS,CON ANDALUCÍA,450,1
41,Sevilla,41070,Palomares del Río,9161,"PALOMARES, UN PASO MÁS","PALOMARES, UN PASO MÁS",2210,8
41,Sevilla,41070,Palomares del Río,9161,PARTIDO POPULAR,PP,595,2
41,Sevilla,41070,Palomares del Río,9161,PARTIDO SOCIALISTA OBRERO ESPAÑOL DE ANDALUCÍA,PSOE-A,577,2
41,Sevilla,41070,Palomares del Río,9161,VOX,VOX,248,0
41,Sevilla,41071,Paradas,6798,CON ANDALUCIA IZQUIERDA UNIDA PARADAS,CON ANDALUCIA,1821,7
41,Sevilla,41071,Paradas,6798,PARTIDO POPULAR,PP,400,1
41,Sevilla,41071,Paradas,6798,PARTIDO SOCIALISTA OBRERO ESPAÑOL DE ANDALUCÍA,PSOE-A,1198,5
41,Sevilla,41072,Pedrera,5104,CON ANDALUCIA IZQUIERDA UNIDA PEDRERAS,CON ANDALUCÍA,1913,10
41,Sevilla,41072,Pedrera,5104,PARTIDO POPULAR,PP,153,0
41,Sevilla,41072,Pedrera,5104,PARTIDO SOCIALISTA OBRERO ESPAÑOL,PSOE,686,3
41,Sevilla,41073,"Pedroso, El",2054,PARTIDO POPULAR,PP,410,3
41,Sevilla,41073,"Pedroso, El",2054,PARTIDO SOCIALISTA OBRERO ESPAÑOL DE ANDALUCÍA,PSOE-A,854,8
41,Sevilla,41074,Peñaflor,3646,CON ANDALUCIA IZQUIERDA UNIDA PEÑAFLOR,CON ANDALUCÍA,1586,8
41,Sevilla,41074,Peñaflor,3646,PARTIDO POPULAR,PP,224,1
41,Sevilla,41074,Peñaflor,3646,PARTIDO SOCIALISTA OBRERO ESPAÑOL DE ANDALUCÍA,PSOE-A,417,2
41,Sevilla,41076,Pruna,2542,JUNTOS POR PRUNA,JXP,839,8
41,Sevilla,41076,Pruna,2542,PARTIDO POPULAR,PP,58,0
41,Sevilla,41076,Pruna,2542,PARTIDO SOCIALISTA OBRERO ESPAÑOL DE ANDALUCÍA,PSOE-A,391,3
41,Sevilla,41078,"Puebla de los Infantes, La",2966,CON ANDALUCIA IZQUIERDA UNIDA LA PUEBLA DE LOS INFANTES,CON ANDALUCÍA,573,4
41,Sevilla,41078,"Puebla de los Infantes, La",2966,PARTIDO POPULAR,PP,186,1
41,Sevilla,41078,"Puebla de los Infantes, La",2966,PARTIDO SOCIALISTA OBRERO ESPAÑOL DE ANDALUCÍA,PSOE-A,953,6
41,Sevilla,41080,"Real de la Jara, El",1523,100% EL REAL DE LA JARA,100% RJ,763,7
41,Sevilla,41080,"Real de la Jara, El",1523,PARTIDO POPULAR,PP,8,0
41,Sevilla,41080,"Real de la Jara, El",1523,PARTIDO SOCIALISTA OBRERO ESPAÑOL DE ANDALUCÍA,PSOE-A,215,2
41,Sevilla,41082,"Roda de Andalucía, La",4222,CON ANDALUCIA IZQUIERDA UNIDA LA RODA DE ANDALUCIA,CON ANDALUCÍA,619,2
41,Sevilla,41082,"Roda de Andalucía, La",4222,PARTIDO POPULAR,PP,1128,5
41,Sevilla,41082,"Roda de Andalucía, La",4222,PARTIDO SOCIALISTA OBRERO ESPAÑOL,PSOE,931,4
41,Sevilla,41083,"Ronquillo, El",1441,AHORA INDEPENDIENTES,AHORA INDEPENDIENTES,55,0
41,Sevilla,41083,"Ronquillo, El",1441,CON ANDALUCIA IZQUIERDA UNIDA EL ROQUILLO,CON ANDALUCÍA,250,3
41,Sevilla,41083,"Ronquillo, El",1441,PARTIDO POPULAR,PP,196,2
41,Sevilla,41083,"Ronquillo, El",1441,PARTIDO SOCIALISTA OBRERO ESPAÑOL DE ANDALUCÍA,PSOE-A,338,4
41,Sevilla,41084,"Rubio, El",3305,INDEPENDIENTES X EL RUBIO,IXER,64,0
41,Sevilla,41084,"Rubio, El",3305,PARTIDO POPULAR,PP,779,5
41,Sevilla,41084,"Rubio, El",3305,PARTIDO SOCIALISTA OBRERO ESPAÑOL,PSOE,978,6
41,Sevilla,41085,Salteras,5627,PARTIDO POPULAR,PP,1075,5
41,Sevilla,41085,Salteras,5627,PARTIDO SOCIALISTA OBRERO ESPAÑOL DE ANDALUCÍA,PSOE-A,1510,7
41,Sevilla,41085,Salteras,5627,VOX,VOX,210,1
41,Sevilla,41088,San Nicolás del Puerto,608,PARTIDO POPULAR,PP,182,3
41,Sevilla,41088,San Nicolás del Puerto,608,PARTIDO SOCIALISTA OBRERO ESPAÑOL DE ANDALUCÍA,PSOE-A,208,4
41,Sevilla,41089,Santiponce,8539,ANDALUCÍA POR SI- UNIÓN ANDALUCISTA,UA,1876,6
41,Sevilla,41089,Santiponce,8539,CON ANDALUCIA IZQUIERDA UNIDA SANTIPONCE,CON ANDALUCÍA,1631,5
41,Sevilla,41089,Santiponce,8539,PARTIDO POPULAR,PP,381,1
41,Sevilla,41089,Santiponce,8539,PARTIDO SOCIALISTA OBRERO ESPAÑOL DE ANDALUCÍA,PSOE-A,428,1
41,Sevilla,41089,Santiponce,8539,VOX,VOX,134,0
41,Sevilla,41090,"Saucejo, El",4246,COMPROMISO CON EL SAUCEJO,COMPROMISO CON EL SAUCEJO,911,4
41,Sevilla,41090,"Saucejo, El",4246,PARTIDO POPULAR,PP,325,1
41,Sevilla,41090,"Saucejo, El",4246,PARTIDO SOCIALISTA OBRERO ESPAÑOL,PSOE,1382,6
41,Sevilla,41092,Tocina,9420,ANDALUCISTAS TOCINA Y LOS ROSALES,ATR,3371,11
41,Sevilla,41092,Tocina,9420,MOVIMIENTO CORRIENTE ROJA,MCR,93,0
41,Sevilla,41092,Tocina,9420,PARTIDO POPULAR,PP,161,0
41,Sevilla,41092,Tocina,9420,PARTIDO SOCIALISTA OBRERO ESPAÑOL DE ANDALUCÍA,PSOE-A,849,2
41,Sevilla,41094,Umbrete,9376,CON ANDALUCIA:PODEMOS-IZQUIERDA UNIDA-ALIANZA VERDE,CON ANDALUCÍA,229,0
41,Sevilla,41094,Umbrete,9376,PARTIDO POPULAR,PP,1538,5
41,Sevilla,41094,Umbrete,9376,PARTIDO SOCIALISTA OBRERO ESPAÑOL DE ANDALUCÍA,PSOE-A,2290,7
41,Sevilla,41094,Umbrete,9376,VOX,VOX,475,1
41,Sevilla,41096,Valencina de la Concepción,8029,AGRUPACION DE VECINOS POR VALENCINA,AGRUPACION DE VECINOS POR VALENCINA,278,1
41,Sevilla,41096,Valencina de la Concepción,8029,CON ANDALUCIA:PODEMOS-IZQUIERDA UNIDA-MAS PAIS ANDALUCIA-INICIATIVA DEL PUEBLO ANDALUZ-ALIANZA VERDE,CON ANDALUCÍA,276,0
41,Sevilla,41096,Valencina de la Concepción,8029,DESPIERTA PARTIDO SOCIO-POLÍTICO CONSTITUCIONALISTA,DESPIERTA,29,0
41,Sevilla,41096,Valencina de la Concepción,8029,PARTIDO POPULAR,PP,1991,7
41,Sevilla,41096,Valencina de la Concepción,8029,PARTIDO SOCIALISTA OBRERO ESPAÑOL DE ANDALUCÍA,PSOE-A,1417,5
41,Sevilla,41096,Valencina de la Concepción,8029,VOX,VOX,215,0
41,Sevilla,41097,Villamanrique de la Condesa,4640,PARTIDO POPULAR,PP,1149,5
41,Sevilla,41097,Villamanrique de la Condesa,4640,PARTIDO SOCIALISTA OBRERO ESPAÑOL DE ANDALUCÍA,PSOE-A,1256,6
41,Sevilla,41097,Villamanrique de la Condesa,4640,VOX,VOX,31,0
41,Sevilla,41100,Villanueva de San Juan,994,PARTIDO POPULAR,PP,151,2
41,Sevilla,41100,Villanueva de San Juan,994,PARTIDO SOCIALISTA OBRERO ESPAÑOL,PSOE,466,7
41,Sevilla,41098,Villanueva del Ariscal,6814,PARTIDO POPULAR,PP,1752,6
41,Sevilla,41098,Villanueva del Ariscal,6814,PARTIDO SOCIALISTA OBRERO ESPAÑOL DE ANDALUCÍA,PSOE-A,1800,7
41,Sevilla,41098,Villanueva del Ariscal,6814,VOX,VOX,109,0
41,Sevilla,41099,Villanueva del Río y Minas,4939,AGRUPACION DE ELECTORES CONTIGO VVA DEL RIO Y MINAS,AE CONTIGO VVA DEL RIO Y MINAS,410,2
41,Sevilla,41099,Villanueva del Río y Minas,4939,AGRUPACION DE ELECTORES DE VILLANUEVA DEL RIO,AEVI,268,1
41,Sevilla,41099,Villanueva del Río y Minas,4939,CON ANDALUCIA IZQUIERDA UNIDA VILLANUEVA DEL RIO Y MINAS,CON ANDALUCÍA,305,1
41,Sevilla,41099,Villanueva del Río y Minas,4939,PARTIDO POPULAR,PP,283,1
41,Sevilla,41099,Villanueva del Río y Minas,4939,PARTIDO SOCIALISTA OBRERO ESPAÑOL DE ANDALUCÍA,PSOE-A,1106,6
41,Sevilla,41101,Villaverde del Río,7700,"CON ANDALUCIA, POR LA VOZ DE VILLAVERDE",CON ANDALUCÍA,742,2
41,Sevilla,41101,Villaverde del Río,7700,PARTIDO POPULAR,PP,889,3
41,Sevilla,41101,Villaverde del Río,7700,PARTIDO SOCIALISTA OBRERO ESPAÑOL DE ANDALUCÍA,PSOE-A,1921,6
41,Sevilla,41101,Villaverde del Río,7700,SOMOS VILLAVERDE,SOMOS VILLAVERDE,564,2
