Distrito,Partido,Votos,Censo,Participacion,Porcentaje
D01,PP,5200,14200,10500,49.5
D01,AVANZA,2350,14200,10500,22.4
D01,PSOE,1650,14200,10500,15.7
D01,VOX,900,14200,10500,8.6
D01,IU-PODEMOS,300,14200,10500,2.9
D02,PP,4600,18500,12500,36.8
D02,AVANZA,4100,18500,12500,32.8
D02,PSOE,2200,18500,12500,17.6
D02,VOX,980,18500,12500,7.8
D02,IU-PODEMOS,500,18500,12500,4.0
D03,AVANZA,2450,13800,7700,31.8
D03,PSOE,2400,13800,7700,31.2
D03,PP,1550,13800,7700,20.1
D03,VOX,750,13800,7700,9.7
D03,IU-PODEMOS,450,13800,7700,5.8
D04,AVANZA,3620,16200,10000,36.2
D04,PSOE,3300,16200,10000,33.0
D04,PP,2100,16200,10000,21.0
D04,IU-PODEMOS,800,16200,10000,8.0
D04,VOX,80,16200,10000,0.8
D05,PP,3400,9600,7800,43.6
D05,PSOE,1650,9600,7800,21.2
D05,VOX,1470,9600,7800,18.8
D05,AVANZA,900,9600,7800,11.5
D05,IU-PODEMOS,600,9600,7800,7.7
